Name,Domain,Secteur,BreachDate,Year,PwnCount,IsVerified,IsSensitive
000webhost,000webhost.com,Non classé,2015-03-01,2015,14936670,True,False
123RF,123rf.com,Non classé,2020-03-22,2020,8661578,True,False
126,126.com,Non classé,2012-01-01,2012,6414191,False,False
17Media,17app.co,Non classé,2016-04-19,2016,4009640,True,False
17173,17173.com,Non classé,2011-12-28,2011,7485802,False,False
1win,1win.com,Non classé,2024-11-02,2024,96166543,True,False
2844Breaches,,Compilation / Non attribuable,2018-02-19,2018,80115532,False,False
2fast4u,2fast4u.be,Non classé,2017-12-20,2017,17706,True,False
500px,500px.com,Non classé,2018-07-05,2018,14867999,True,False
7-Eleven,7-eleven.com,Non classé,2026-04-08,2026,185256,True,False
7k7k,7k7k.com,Non classé,2011-01-01,2011,9121434,False,False
8fit,8fit.com,Non classé,2018-07-01,2018,15025407,True,False
8tracks,8tracks.com,Non classé,2017-06-27,2017,17979961,True,False
9Lives,9lives.be,Non classé,2014-10-01,2014,109515,True,False
Abandonia,abandonia.com,Non classé,2015-11-01,2015,776125,True,False
Abandonia2022,abandonia.com,Non classé,2022-11-15,2022,919790,True,False
Abrigo,abrigo.com,Non classé,2026-04-14,2026,711099,True,False
AbuseWithUs,abusewith.us,Non classé,2016-07-01,2016,1372550,True,False
AcneOrg,acne.org,Non classé,2014-11-25,2014,432943,True,False
Activision,activision.com,Non classé,2022-12-04,2022,16006,True,False
ActMobile,actmobile.com,Non classé,2021-10-08,2021,1583193,False,False
Acuity,,Compilation / Non attribuable,2020-06-18,2020,14055729,True,False
Adapt,adapt.io,Non classé,2018-11-05,2018,9363740,True,False
ADDA,adda.io,Non classé,2025-03-24,2025,1829314,True,False
ADDI,addi.com,Non classé,2026-03-25,2026,34532941,True,False
Adecco,adecco.com,Non classé,2021-01-03,2021,4284538,True,False
ABFRL,abfrl.com,Non classé,2021-12-01,2021,5470063,True,False
Adobe,adobe.com,Non classé,2013-10-04,2013,152445165,True,False
AdoptMeTradingValues,adoptmetradingvalues.com,Non classé,2022-07-01,2022,86136,True,False
Adpost,adpost.com,Non classé,2025-02-14,2025,3339512,True,False
ADT,adt.com,Non classé,2026-04-20,2026,5488888,True,False
AdultFriendFinder,adultfriendfinder.com,Non classé,2015-05-21,2015,3867997,True,True
AdultFriendFinder2016,adultfriendfinder.com,Non classé,2016-10-16,2016,169746810,True,True
AdultFanFiction,adult-fanfiction.org,Non classé,2018-05-30,2018,186082,True,True
AdvanceAutoParts,advanceautoparts.com,Non classé,2024-06-05,2024,79243727,True,False
AerServ,aerserv.com,Non classé,2018-04-01,2018,66308,True,False
AgusiQTorrents,agusiq-torrents.pl,Non classé,2019-09-24,2019,90478,True,False
AhaShare,ahashare.com,Non classé,2013-05-30,2013,180468,True,False
AIType,aitype.com,Non classé,2017-12-05,2017,20580060,True,False
Aimware,aimware.net,Non classé,2019-04-28,2019,305470,True,False
Aipai,aipai.com,Non classé,2016-09-27,2016,6496778,False,False
Ajarn,ajarn.com,Non classé,2018-12-13,2018,266399,True,False
AKP,akparti.org.tr,Non classé,2016-07-19,2016,917461,True,False
Alcon,alcon.com,Non classé,2026-08-01,2026,218395,True,False
AlienStealerLogs,,Compilation / Non attribuable,2025-02-15,2025,284132969,True,False
AllianzLife,allianzlife.com,Non classé,2025-07-16,2025,1115061,True,False
AlpineReplay,traceup.com,Non classé,2019-08-27,2019,898681,True,False
Altenen,altenens.is,Non classé,2022-06-24,2022,1267701,True,False
Aman,aman.com,Non classé,2026-04-20,2026,215563,True,False
AmartFurniture,amartfurniture.com.au,Non classé,2022-05-16,2022,108940,True,False
AmericanTower,americantower.com,Non classé,2026-06-12,2026,216601,True,False
Ameriprise,ameriprise.com,Non classé,2026-03-02,2026,502597,True,False
Amtrak,amtrak.com,Non classé,2026-04-03,2026,2147679,True,False
Ancestry,ancestry.com,Non classé,2015-11-07,2015,297806,True,False
AndroidForums,androidforums.com,Non classé,2011-10-30,2011,745355,True,False
AndroidLista,androidlista.com,Non classé,2021-07-28,2021,6640643,True,False
AnimalJam,animaljam.com,Non classé,2020-10-12,2020,7104998,True,False
AnimeGame,animegame.me,Non classé,2020-02-27,2020,1431378,True,False
Animeify,animeify.net,Non classé,2021-10-14,2021,808034,True,False
AnimeLeague,animeleague.net,Non classé,2024-07-04,2024,192134,True,False
AnimePlanet,anime-planet.com,Non classé,2016-01-01,2016,368507,True,False
Animoto,animoto.com,Non classé,2018-07-10,2018,22437749,True,False
AntiPublic,,Compilation / Non attribuable,2016-12-16,2016,457962538,False,False
ApexSMS,,Compilation / Non attribuable,2019-04-15,2019,23246481,True,False
APKTW,apk.tw,Non classé,2022-09-03,2022,2451197,True,False
APOIAse,apoia.se,Non classé,2025-12-16,2025,450764,True,False
Apollo,apollo.io,Non classé,2018-07-23,2018,125929660,True,False
Appartoo,appartoo.com,Non classé,2017-03-25,2017,49681,True,False
Appen,appen.com,Non classé,2020-06-22,2020,5888405,True,False
Aptoide,aptoide.com,Non classé,2020-04-13,2020,20012235,True,False
ArmorGames,armorgames.com,Non classé,2019-01-01,2019,10604307,True,False
ArmyForceOnline,armyforceonline.com,Non classé,2016-05-18,2016,1531235,True,False
ArtistsNClients,artistsnclients.com,Non classé,2025-08-31,2025,95351,True,False
Artsy,artsy.net,Non classé,2018-04-01,2018,1079970,True,False
Artvalue,artvalue.com,Non classé,2019-06-19,2019,157692,True,False
AshleyMadison,ashleymadison.com,Non classé,2015-07-19,2015,30811934,True,True
ANPS,anps.fr,Non classé,2026-01-30,2026,5600,True,False
AstroPID,astropid.com,Non classé,2013-12-19,2013,5788,True,False
AllegedATT,,Compilation / Non attribuable,2021-08-20,2021,49102176,True,False
Aternos,aternos.org,Non classé,2015-12-06,2015,1436486,True,False
AtlasMenu,atlasmenu.net,Non classé,2026-05-30,2026,63926,True,False
AtlasQuantum,atlasquantum.com,Non classé,2018-08-25,2018,261463,True,False
Atmeltomo,atmeltomo.com,Non classé,2021-04-16,2021,580177,True,False
Audi,audiusa.com,Non classé,2019-08-14,2019,2743539,True,False
Aura,aura.com,Non classé,2026-03-06,2026,903080,True,False
Autocentrum,autocentrum.pl,Non classé,2018-02-04,2018,143717,True,False
AUTOSUR,autosur.fr,Non classé,2025-03-16,2025,487226,True,False
Autotrader,autotrader.com,Non classé,2023-01-06,2023,20032,True,False
Avast,avast.com,Non classé,2014-05-26,2014,422959,True,False
Avito,avito.ma,Non classé,2022-11-18,2022,2721835,True,False
Avvo,avvo.com,Non classé,2019-12-17,2019,4101101,True,False
B2BUSABusinesses,,Compilation / Non attribuable,2017-07-18,2017,105059554,True,False
BabyNames,babynames.com,Non classé,2008-10-24,2008,846742,True,False
Badoo,badoo.com,Non classé,2013-06-01,2013,112005531,False,True
BakerDistributing,bakerdist.com,Non classé,2026-05-23,2026,102935,True,False
BannerBit,bannerbit.com,Non classé,2018-12-29,2018,213415,True,False
Banorte,banorte.com,Non classé,2014-08-18,2014,2107000,True,False
BattlefieldHeroes,battlefieldheroes.com,Non classé,2011-06-26,2011,530270,True,False
Battlefy,battlefy.com,Non classé,2016-01-11,2016,83610,True,False
Baydoner,baydoner.com,Non classé,2026-03-08,2026,1266822,True,False
BCDTravel,bcdtravel.com,Non classé,2026-05-29,2026,396313,True,False
BeautifulPeople,beautifulpeople.com,Non classé,2015-11-11,2015,1100089,True,True
Beckett,beckett.com,Non classé,2025-11-09,2025,1041238,True,False
Bell,bell.ca,Non classé,2014-02-01,2014,20902,True,False
Bell2017,bell.ca,Non classé,2017-05-15,2017,2231256,True,False
Benchmark,benchmark.rs,Non classé,2019-11-01,2019,93343,True,False
Berkadia,berkadia.com,Non classé,2026-03-19,2026,305216,True,False
Bestialitysextaboo,bestialitysextaboo.com,Non classé,2018-03-19,2018,3204,True,True
Betterment,betterment.com,Non classé,2026-01-09,2026,1435174,True,False
Bhinneka,bhinneka.com,Non classé,2020-01-27,2020,1274340,True,False
bigbasket,bigbasket.com,Non classé,2020-10-14,2020,24500011,True,False
BigMoneyJobs,bigmoneyjobs.com,Non classé,2014-04-03,2014,36789,True,False
BinWeevils,binweevils.com,Non classé,2014-09-01,2014,1287073,True,False
BiohackMe,biohack.me,Non classé,2016-12-02,2016,3402,True,False
BTSec,forum.btcsec.com,Non classé,2014-01-09,2014,4789599,True,False
BitcoinTalk,bitcointalk.org,Non classé,2015-05-22,2015,501407,True,False
Bitly,bitly.com,Non classé,2014-05-08,2014,9313136,True,False
BitTorrent,bittorrent.com,Non classé,2016-01-01,2016,34235,True,False
BitView,bitview.net,Non classé,2024-12-14,2024,63127,True,False
BlackHatWorld,blackhatworld.com,Non classé,2014-06-23,2014,777387,True,False
BlackBerryFans,blackberryfans.org,Non classé,2022-05-06,2022,174168,True,False
BlackSpigotMC,blackspigot.com,Non classé,2019-07-14,2019,140029,True,False
BlankMediaGames,blankmediagames.com,Non classé,2018-12-28,2018,7633234,True,False
BleachAnime,bleachanime.org,Non classé,2015-01-01,2015,143711,True,False
BloomsToday,bloomstoday.com,Non classé,2023-11-11,2023,3184010,True,False
boAt,boat-lifestyle.com,Non classé,2024-03-25,2024,7528985,True,False
Bolt,bolt.cd,Non classé,2017-03-01,2017,995274,True,False
BombujEu,bombuj.eu,Non classé,2018-12-07,2018,575437,True,False
Bonobos,bonobos.com,Non classé,2020-08-14,2020,2811929,True,False
Bookchor,bookchor.com,Non classé,2021-01-28,2021,498297,True,False
BookCrossing,bookcrossing.com,Non classé,2012-11-05,2012,1582323,True,False
Bookmate,bookmate.com,Non classé,2018-07-08,2018,3830916,True,False
BotOfLegends,botoflegends.com,Non classé,2014-11-13,2014,238373,True,False
Boulanger,boulanger.com,Non classé,2024-09-06,2024,2077078,True,False
BourseDesVols,bourse-des-vols.com,Non classé,2021-01-12,2021,1460130,True,False
BouyguesTelecom,bouyguestelecom.fr,Non classé,2025-08-04,2025,5685771,True,False
Boxee,forums.boxee.com,Non classé,2014-03-29,2014,158093,True,False
BrandNewTube,brandnewtube.com,Non classé,2022-08-14,2022,349627,True,False
Brazzers,brazzers.com,Non classé,2013-04-01,2013,790724,True,True
BreachForums,breached.vc,Non classé,2022-11-29,2022,212156,True,False
BreachForums2025,breachforums.hn,Non classé,2025-08-11,2025,672247,True,False
BreachForumsClone,breachforums.vc,Non classé,2023-06-17,2023,4204,True,False
BreachForumsV5,breachforums.bf,Non classé,2026-03-26,2026,339778,True,False
BrinksHome,brinkshome.com,Non classé,2026-07-13,2026,732162,True,False
BTCAlpha,btc-alpha.com,Non classé,2021-11-02,2021,362426,True,False
BTCE,btc-e.com,Non classé,2014-10-01,2014,568340,True,False
BtoBet,btobet.com,Non classé,2019-12-26,2019,444241,True,False
BudTrader,budtrader.com,Non classé,2024-06-27,2024,2721185,True,True
Bukalapak,bukalapak.com,Non classé,2017-10-23,2017,13369666,True,False
BulgarianNationalRevenueAgency,nap.bg,Non classé,2019-07-15,2019,471167,True,False
BusinessAcumen,businessacumen.biz,Non classé,2014-04-25,2014,26596,True,False
CafeMom,cafemom.com,Non classé,2014-04-10,2014,2628148,True,False
CafePress,cafepress.com,Non classé,2019-02-20,2019,23205290,True,False
CanadaGoose,canadagoose.com,Non classé,2025-07-04,2025,581877,True,False
CanadaLife,canadalife.com,Non classé,2026-04-20,2026,237810,True,False
CanadianTire,canadiantire.ca,Non classé,2025-10-02,2025,38306562,True,False
CannabisForum,cannabis.com,Non classé,2014-02-05,2014,227746,True,False
Canva,canva.com,Non classé,2019-05-24,2019,137272116,True,False
CapialEconomics,capitaleconomics.com,Non classé,2020-12-12,2020,263829,True,False
CardingMafiaDec2021,cardmafia.cc,Non classé,2021-12-28,2021,303877,True,True
CardingMafia,cardmafia.cc,Non classé,2021-03-18,2021,297744,True,True
CarGurus,cargurus.com,Non classé,2026-02-14,2026,12461887,True,False
CarMax,carmax.com,Non classé,2026-01-24,2026,431371,True,False
Carnival,carnivalcorp.com,Non classé,2026-04-18,2026,7531359,True,False
CashCrate,cashcrate.com,Non classé,2016-11-17,2016,6844490,True,False
Catho,catho.com.br,Non classé,2020-03-01,2020,1173012,True,False
Catwatchful,catwatchful.com,Non classé,2025-06-09,2025,61641,True,True
CDProjektRed,cdprojektred.com,Non classé,2016-03-01,2016,1871373,True,False
CDEK,cdek.ru,Non classé,2022-03-09,2022,19218203,False,False
CentralTickets,centraltickets.co.uk,Non classé,2024-07-01,2024,722860,True,False
CFGI,cfgi.com,Non classé,2026-03-06,2026,248235,True,False
Charter,charter.com,Non classé,2026-05-23,2026,4851517,True,False
Chatbooks,chatbooks.com,Non classé,2020-03-26,2020,2520441,True,False
CheapAssGamer,cheapassgamer.com,Non classé,2015-07-01,2015,444767,True,False
Chegg,chegg.com,Non classé,2018-04-28,2018,39721127,True,False
Chess,chess.com,Non classé,2023-11-08,2023,1274077,True,False
CSDN,csdn.net,Non classé,2011-12-21,2011,6414990,True,False
Chowbus,chowbus.com,Non classé,2020-10-05,2020,444224,True,False
ChrisLeong,chrisleong.com,Non classé,2024-08-10,2024,27096,True,False
Cit0day,cit0day.in,Marché noir de données,2020-11-04,2020,226883414,False,False
CityBee,citybee.lt,Non classé,2021-02-05,2021,110156,True,False
CityJerks,cityjerks.com,Non classé,2023-02-27,2023,177554,True,True
CivilOnline,co188.com,Non classé,2011-07-10,2011,7830195,False,False
ClashOfKings,f.elex.com,Non classé,2016-07-14,2016,1604957,True,False
ClearVoiceSurveys,clearvoicesurveys.com,Non classé,2015-08-23,2015,15074786,True,False
ClickASnap,clickasnap.com,Non classé,2022-09-24,2022,3262980,True,False
ClixSense,clixsense.com,Non classé,2016-09-04,2016,2424784,True,False
CloudPets,cloudpets.com,Non classé,2017-01-01,2017,583503,True,False
ClubPenguinRewritten,cprewritten.net,Non classé,2018-01-21,2018,1688176,True,False
ClubPenguinRewrittenJul2019,cprewritten.net,Non classé,2019-07-27,2019,4007909,True,False
Coachella,coachella.com,Non classé,2017-02-22,2017,599802,True,False
Cocospy,cocospy.com,Non classé,2025-02-14,2025,1798059,True,True
CodeStepByStep,codestepbystep.com,Non classé,2025-11-15,2025,103077,True,False
Coinmama,coinmama.com,Non classé,2017-08-03,2017,478824,True,False
CoinMarketCap,coinmarketcap.com,Non classé,2021-10-12,2021,3117548,True,False
CoinTracker,cointracker.io,Non classé,2022-12-01,2022,1557153,True,False
Collection1,,Compilation / Non attribuable,2019-01-07,2019,772904991,False,False
ColoCrossing,colocrossing.com,Non classé,2025-05-24,2025,7183,True,False
ColorDating,colordatingapp.com,Non classé,2018-09-05,2018,220503,True,True
TelegramCombolists,,Compilation / Non attribuable,2024-05-28,2024,361468099,True,False
Comcast,comcast.net,Non classé,2015-11-08,2015,616882,True,False
COMELEC,comelec.gov.ph,Non classé,2016-03-27,2016,228605,True,False
CondoCom,condo.com,Non classé,2019-06-01,2019,1481555,True,False
Convex,convex.ru,Non classé,2023-02-01,2023,150129,True,False
CouponMomAndArmorGames,,Compilation / Non attribuable,2014-02-08,2014,11010525,False,False
db8151dd,covve.com,Non classé,2020-02-20,2020,22802117,True,False
CrackCommunity,crackcommunity.com,Non classé,2013-09-09,2013,19210,True,False
CrackedTO,cracked.to,Non classé,2019-07-21,2019,749161,True,False
CrackingForum,crackingforum.com,Non classé,2016-07-01,2016,660305,True,False
CraftRise,craftrise.com.tr,Non classé,2022-03-05,2022,2532527,True,False
CreamsCafe,creamscafe.com,Non classé,2025-05-01,2025,159652,True,False
Creative,creative.com,Non classé,2018-05-01,2018,483015,True,False
CrimeAgencyVBulletin,,Compilation / Non attribuable,2017-01-19,2017,942044,True,True
CrossFire,cfire.mail.ru,Non classé,2016-08-08,2016,12865609,True,False
Crunchyroll,crunchyroll.com,Non classé,2026-03-12,2026,1195684,True,False
CTARS,ctars.com.au,Non classé,2021-05-21,2021,12314,True,True
CTT,ctt.pt,Non classé,2026-04-26,2026,468124,True,False
Cultura,cultura.com,Non classé,2024-09-06,2024,1462025,True,False
CushmanWakefield,cushmanwakefield.com,Non classé,2026-05-05,2026,310431,True,False
CutiesAI,cuties.ai,Non classé,2025-03-21,2025,144250,True,True
CutoutPro,cutout.pro,Non classé,2024-02-26,2024,19972829,True,False
CyberServe,cyberserve.co.il,Non classé,2021-10-29,2021,1107034,True,True
D3scene,d3scene.com,Non classé,2016-01-01,2016,568827,True,False
DaFont,dafont.com,Non classé,2017-05-16,2017,637340,True,False
DailyQuiz,dailyquiz.me,Non classé,2021-01-13,2021,8032404,True,False
Dailymotion,dailymotion.com,Non classé,2016-10-20,2016,85176234,True,False
DailyObjects,dailyobjects.com,Non classé,2018-01-01,2018,464260,True,False
Dangdang,dangdang.com,Non classé,2011-06-01,2011,4848734,True,False
DaniWeb,daniweb.com,Non classé,2015-12-01,2015,1131636,True,False
DataAndLeads,datanleads.com,Non classé,2018-11-14,2018,44320330,True,False
PDL,,Compilation / Non attribuable,2019-10-16,2019,622161052,True,False
DataEnrichment,,Compilation / Non attribuable,2016-12-23,2016,8176132,False,False
DataTrollStealerLogs,,Compilation / Non attribuable,2025-06-20,2025,109532219,True,False
DataCamp,datacamp.com,Non classé,2017-01-30,2017,760561,True,False
DateHotBrunettes,datehotbrunettes.com,Non classé,2021-01-12,2021,1494078,True,True
DatPiff,datpiff.com,Non classé,2021-08-25,2021,7476940,True,False
Dave,dave.com,Non classé,2020-06-28,2020,2964182,True,False
dBforums,dbforums.com,Non classé,2016-07-04,2016,363468,True,False
DCHealth,dchealthlink.com,Non classé,2023-03-06,2023,48145,True,True
Deezer,deezer.com,Divertissement / Streaming,2019-04-22,2019,229037936,True,False
DemandScience,demandscience.com,Non classé,2024-02-28,2024,121796165,True,False
DemonForums,demonforums.net,Non classé,2019-02-20,2019,52623,True,False
DennisKirk,denniskirk.com,Non classé,2021-09-04,2021,1356026,True,False
DentaQuest,dentaquest.com,Non classé,2026-05-23,2026,2553599,True,False
Descomplica,descomplica.com.br,Non classé,2021-03-14,2021,4845378,True,False
DevilTorrents,devil-torrents.pl,Non classé,2021-01-04,2021,63451,True,False
devkitPro,devkitpro.org,Non classé,2019-02-03,2019,1508,True,False
DietCom,diet.com,Non classé,2014-08-10,2014,1383759,True,False
digiDirect,digidirect.com.au,Non classé,2024-09-29,2024,304337,True,False
Digimon,digimon.co.in,Non classé,2016-09-05,2016,7687679,True,False
DiskUnion,diskunion.net,Non classé,2022-06-24,2022,690667,True,False
Disqus,disqus.com,Non classé,2012-07-01,2012,17551044,True,False
DivineSkins,divineskins.gg,Non classé,2026-03-13,2026,105814,True,False
DivXSubTitles,divxsubtitles.net,Non classé,2010-01-01,2010,783058,True,False
DLH,dlh.net,Non classé,2016-07-31,2016,3264710,True,False
Dodonew,dodonew.com,Non classé,2011-12-01,2011,8718404,False,False
Dominos,pizza.dominos.be,Non classé,2014-06-13,2014,648231,True,False
DominosIndia,dominos.co.in,Non classé,2021-03-24,2021,22527655,True,False
Doomworld,doomworld.com,Non classé,2022-10-12,2022,34478,True,False
DoorDash,doordash.com,Non classé,2022-08-02,2022,367476,True,False
Dota2,dev.dota2.com,Non classé,2016-07-10,2016,1907205,True,False
Doxbin,doxbin.com,Non classé,2022-01-05,2022,370794,True,True
DoxbinTOoDA,doxbin.com,Non classé,2024-02-12,2024,136461,True,True
DoxbinScrape,doxbin.com,Non classé,2025-01-24,2025,435784,True,True
Dragonica,playdragonica.eu,Non classé,2025-12-06,2025,126293,True,False
DragonNest,dragonnest.com,Non classé,2013-08-23,2013,511290,True,False
DriveSure,drivesure.com,Non classé,2020-12-19,2020,3675099,True,False
Drizly,drizly.com,Non classé,2020-07-02,2020,2479044,True,False
Dropbox,dropbox.com,Non classé,2012-07-01,2012,68648009,True,False
Dubsmash,dubsmash.com,Non classé,2018-12-01,2018,161749950,True,False
DucksUnlimited,ducks.org,Non classé,2021-01-29,2021,1324364,True,False
DuelingNetwork,duelingnetwork.com,Non classé,2017-03-29,2017,6486626,True,False
DDO,ddo.com,Non classé,2013-04-02,2013,1580933,True,False
Dunzo,dunzo.com,Non classé,2020-06-19,2020,3465259,True,False
Duolingo,duolingo.com,Non classé,2023-01-24,2023,2676696,True,False
Duowan,duowan.com,Non classé,2011-01-01,2011,2639894,False,False
DVDShopCH,dvd-shop.ch,Non classé,2017-12-05,2017,67973,True,False
Dymocks,dymocks.com.au,Non classé,2023-06-20,2023,836120,True,False
Earth2,earth2.io,Non classé,2024-10-16,2024,420961,True,False
Eatigo,eatigo.com,Non classé,2018-10-16,2018,2789609,True,False
EatStreet,eatstreet.com,Non classé,2019-05-03,2019,6353564,True,False
ECCIE,eccie.net,Non classé,2021-07-01,2021,536923,True,True
Edmodo,edmodo.com,Non classé,2017-05-11,2017,43423561,True,False
Edmunds,edmunds.com,Non classé,2026-01-24,2026,177860,True,False
Elance,elance.com,Non classé,2009-01-01,2009,1291178,True,False
Elanic,elanic.in,Non classé,2018-01-01,2018,2325283,True,False
ElasticsearchSalesLeads,,Compilation / Non attribuable,2018-10-29,2018,5788169,True,False
Emotet,,Compilation / Non attribuable,2021-01-27,2021,4324770,True,True
Emuparadise,emuparadise.me,Non classé,2018-04-01,2018,1131229,True,False
ECB,ecb.co.uk,Non classé,2024-03-23,2024,43299,True,False
EPal,epal.gg,Non classé,2022-04-15,2022,108887,True,False
EpicGames,epicgames.com,Non classé,2016-08-11,2016,251661,True,False
EpicBot,epicbot.com,Non classé,2019-09-01,2019,816662,True,False
EpicNPC,epicnpc.com,Non classé,2016-01-02,2016,408795,True,False
Epik,epik.com,Non classé,2021-09-13,2021,15003961,True,False
Eroticy,eroticy.com,Non classé,2015-06-01,2015,1370175,False,True
Eskimi,eskimi.com,Non classé,2020-09-25,2020,1197620,True,False
EstanteVirtual,estantevirtual.com.br,Non classé,2019-02-28,2019,5412603,True,False
Estonia,,Compilation / Non attribuable,2018-06-07,2018,655161,True,False
eThekwiniMunicipality,eservices.durban.gov.za,Non classé,2016-09-07,2016,81830,True,False
Ethereum,ethereum.org,Non classé,2016-12-16,2016,16431,True,False
Eurofiber,eurofiber.com,Non classé,2025-11-13,2025,10003,True,False
EuropaJobs,europa.jobs,Non classé,2019-08-11,2019,226095,True,False
Evermotion,evermotion.org,Non classé,2015-05-07,2015,435510,True,False
EverybodyEdits,everybodyedits.com,Non classé,2019-03-23,2019,871190,True,False
Evite,evite.com,Non classé,2013-08-11,2013,100985047,True,False
Evony,evony.com,Non classé,2016-06-01,2016,29396116,True,False
ExactSciences,exactsciences.com,Non classé,2026-07-15,2026,10869543,True,True
Exactis,exactis.com,Non classé,2018-06-01,2018,131577763,True,False
Experian,experian.com,Non classé,2015-09-16,2015,7196890,False,False
Experian2020,,Compilation / Non attribuable,2020-08-19,2020,1284637,True,False
ExploitIn,,Compilation / Non attribuable,2016-10-13,2016,593427119,False,False
ExploreTalentAug2024,exploretalent.com,Non classé,2024-08-15,2024,8929384,True,False
ExploreTalent,exploretalent.com,Non classé,2022-02-28,2022,5371574,True,False
VINs,,Compilation / Non attribuable,2017-06-05,2017,396650,False,False
Exvagos,exvagos.org,Non classé,2022-07-21,2022,2121789,True,False
Eye4Fraud,eye4fraud.com,Non classé,2023-01-25,2023,16000591,True,False
EyeEm,eyeem.com,Non classé,2018-02-28,2018,19611022,True,False
Facebook,facebook.com,Réseaux sociaux,2019-08-01,2019,509458528,True,False
FacebookMarketplace,facebook.com,Réseaux sociaux,2023-10-01,2023,77267,True,False
Facepunch,facepunch.com,Non classé,2016-06-03,2016,342913,True,False
FaceUP,faceup.dk,Non classé,2013-01-01,2013,87633,True,False
Factual,factual.com,Non classé,2017-03-22,2017,2461696,True,False
FairVoteCanada,fairvote.ca,Non classé,2024-03-02,2024,134336,True,False
Famm,famm.us,Non classé,2020-10-08,2020,535240,True,False
Fanpass,fanpass.co.uk,Non classé,2022-04-30,2022,112251,True,False
FantasyFootballHub,fantasyfootballhub.co.uk,Non classé,2021-10-02,2021,66479,True,False
WhiteRoom,fashionnexus.co.uk,Non classé,2018-07-09,2018,1279263,True,False
FashionFantasyGame,fashionfantasygame.com,Non classé,2016-12-01,2016,2357872,True,False
FFR,ffr.fr,Non classé,2023-07-06,2023,281977,True,False
Figure,figure.com,Non classé,2026-01-28,2026,967178,True,False
FilmaiIn,filmai.in,Non classé,2020-01-01,2020,645786,True,False
FFShrine,ffshrine.org,Non classé,2015-09-18,2015,620677,True,False
Finsure,finsure.com.au,Non classé,2024-10-15,2024,296124,True,False
Fitmart,fitmart.de,Non classé,2021-10-01,2021,214492,True,False
FlashFlashRevolution,flashflashrevolution.com,Non classé,2016-02-01,2016,1771845,True,False
FlashFlashRevolution2019,flashflashrevolution.com,Non classé,2019-07-16,2019,1858124,True,False
Flashback,flashback.se,Non classé,2015-02-11,2015,40256,True,False
FlatEarthDave,flatearthdave.com,Non classé,2024-10-15,2024,33294,True,False
FlexBooker,flexbooker.com,Non classé,2021-12-23,2021,3756794,True,False
Fling,fling.com,Non classé,2011-03-10,2011,40767652,True,True
FlipaClip,flipaclip.com,Non classé,2024-11-18,2024,892854,True,False
FLVS,flvs.net,Non classé,2018-02-12,2018,542902,True,True
Fluke,fluke.com,Non classé,2026-07-01,2026,821100,True,False
RobloxDeveloperConference2024,fntech.com,Non classé,2024-07-04,2024,10386,True,False
Foodora,foodora.com,Non classé,2016-04-22,2016,582578,True,False
Forbes,forbes.com,Non classé,2014-02-15,2014,1057819,True,False
ForumCommunity,forumcommunity.net,Non classé,2016-06-01,2016,776648,True,False
Fotolog,fotolog.com,Non classé,2018-12-01,2018,16717854,True,False
FoxyBingo,foxybingo.com,Non classé,2008-04-04,2008,252216,True,False
FrameAndOptic,frameandoptic.com,Non classé,2025-01-16,2025,15678,True,False
FreeMobile,free.fr,Non classé,2024-10-17,2024,13926173,True,False
FreedomHostingII,fhostingesps6bly.onion,Non classé,2017-01-31,2017,380830,True,True
FreeOnes,freeones.com,Non classé,2017-02-16,2017,960213,True,True
FrenchCitizens,,Compilation / Non attribuable,2024-09-25,2024,28445106,True,False
FreshMenu,freshmenu.com,Non classé,2016-07-01,2016,110355,True,False
Fridae,fridae.asia,Non classé,2014-05-02,2014,35368,True,True
Funimation,funimation.com,Non classé,2016-07-01,2016,2491103,True,False
FunnyGames,funny-games.biz,Non classé,2018-04-28,2018,764357,True,False
FurAffinity,furaffinity.net,Non classé,2016-05-17,2016,1270564,True,True
Gaadi,gaadi.com,Non classé,2015-05-14,2015,4261179,True,False
Gab,gab.com,Non classé,2021-02-26,2021,66521,True,True
GamerzPlanet,gamerzplanet.net,Non classé,2015-10-23,2015,1217166,True,False
GamesBox,gamesbox.com,Non classé,2020-09-21,2020,1439354,True,False
GameSalad,gamesalad.com,Non classé,2019-02-24,2019,1506242,True,False
GameSprite,gamesprite.me,Non classé,2019-12-17,2019,6164643,True,False
GameTuts,game-tuts.com,Non classé,2015-03-01,2015,2064274,True,False
GameVN,gamevn.com,Non classé,2016-05-01,2016,1369485,True,False
Gamigo,gamigo.com,Non classé,2012-03-01,2012,8243604,True,False
GamingMonk,gamingmonk.com,Non classé,2020-12-02,2020,654510,True,False
GateHub,gatehub.net,Non classé,2019-06-04,2019,1408078,True,False
Gawker,gawker.com,Non classé,2010-12-11,2010,1247574,True,False
Gett,ge.tt,Non classé,2017-05-04,2017,2481121,True,False
GeekedIn,geekedin.net,Non classé,2016-08-15,2016,1073164,True,False
Gemini,gemini.com,Non classé,2022-12-13,2022,5274214,True,False
Gemplex,gemplex.tv,Non classé,2021-02-18,2021,4563166,True,False
GenesisMarket,genesis.market,Non classé,2023-04-05,2023,8000000,True,True
GeniusU,geniusu.com,Non classé,2020-10-02,2020,1301460,True,False
GermanDonerKebab,germandonerkebab.com,Non classé,2025-03-27,2025,162373,True,False
GetRevengeOnYourEx,getrevengeonyourex.com,Non classé,2022-09-09,2022,79195,True,True
GFAN,gfan.com,Non classé,2016-10-10,2016,22526334,False,False
GGCorp,ggcorp.me,Non classé,2022-08-11,2022,2376330,True,False
GiantTiger,gianttiger.com,Non classé,2024-03-04,2024,2842669,True,False
Giglio,giglio.com,Non classé,2025-08-09,2025,1026468,True,False
GiveSendGo,givesendgo.com,Non classé,2022-02-07,2022,89966,True,False
GLAMIRA,glamira.com,Non classé,2023-12-16,2023,874594,True,False
GlendaleCommunityCollege,glendale.edu,Non classé,2026-06-15,2026,793925,True,False
Glofox,glofox.com,Non classé,2020-03-27,2020,2330735,True,False
GoGames,gogames.me,Non classé,2015-10-24,2015,3430083,True,False
GoNinja,goninja.de,Non classé,2019-12-17,2019,4999001,True,False
GoldSilver,goldsilver.com,Non classé,2018-10-21,2018,242715,True,False
GooseCreek,goosecreek.com,Non classé,2026-06-09,2026,6574121,True,False
gPotato,gpotato.com,Non classé,2007-07-12,2007,2136520,True,False
GPSUnderground,gpsunderground.com,Non classé,2016-07-01,2016,669584,True,False
Gravatar,gravatar.com,Non classé,2020-10-03,2020,113990759,True,False
GSMHosting,gsmhosting.com,Non classé,2016-08-01,2016,2607440,True,False
GTAGaming,gtagaming.com,Non classé,2016-08-01,2016,197184,True,False
GunAuction,gunauction.com,Non classé,2022-12-03,2022,565470,True,False
Playgar,play-gar.com,Non classé,2016-04-01,2016,143569,True,False
GunsDotCom,guns.com,Non classé,2021-01-12,2021,375928,True,True
Guntrader,guntrader.uk,Non classé,2021-07-17,2021,112031,True,False
HackForums,hackforums.net,Non classé,2011-06-25,2011,191540,True,False
HackingTeam,hackingteam.com,Non classé,2015-07-06,2015,32310,True,False
Hakko,hakko.com,Non classé,2019-03-28,2019,9665,True,False
Hallmark,hallmark.com,Non classé,2026-03-31,2026,1736520,True,False
Hathway,hathway.com,Non classé,2023-12-17,2023,4670080,True,False
HauteLook,hautelook.com,Non classé,2018-08-07,2018,28510459,True,False
HaveFunTeaching,havefunteaching.com,Non classé,2021-08-15,2021,27126,True,False
Havenly,havenly.com,Non classé,2020-06-25,2020,1369180,True,False
HDBFinancialServices,hdbfs.com,Non classé,2023-02-22,2023,1658750,True,False
HealthNowNetworks,healthnow.co,Non classé,2017-03-25,2017,321920,True,False
HeatGames,heatgames.me,Non classé,2021-06-12,2021,647896,True,False
HelloCake,hellocake.com,Non classé,2025-07-25,2025,22907,True,True
Hemmakvall,hemmakvall.se,Non classé,2015-07-08,2015,47297,True,False
Hemmelig,hemmelig.com,Non classé,2011-12-21,2011,28641,True,True
HeroesOfGaia,heroesofgaia.com,Non classé,2013-01-04,2013,179967,True,False
HeroesOfNewerth,heroesofnewerth.com,Non classé,2012-12-17,2012,8089103,True,False
HIAPK,hiapk.com,Non classé,2014-01-01,2014,13873674,False,False
Hjedd,hjedd.com,Non classé,2022-07-18,2022,13204029,True,True
HLTV,hltv.org,Non classé,2016-06-19,2016,611070,True,False
HomeChef,homechef.com,Non classé,2020-02-10,2020,8815692,True,False
HomeRefill,homerefill.com.br,Non classé,2020-04-02,2020,187457,True,False
HongFire,hongfire.com,Non classé,2015-03-01,2015,999991,True,True
HookersNL,hookers.nl,Non classé,2019-10-10,2019,290955,True,True
Hopamedia,,Compilation / Non attribuable,2020-08-30,2020,23835870,True,False
HorseIsle,horseisle.com,Non classé,2020-09-19,2020,27786,True,False
HotTopic,hottopic.com,Non classé,2024-10-19,2024,56904909,True,False
HoundDawgs,hounddawgs.org,Non classé,2017-12-30,2017,45701,True,False
HoustonCityCollege,hccs.edu,Non classé,2026-06-16,2026,831642,True,False
Houzz,houzz.com,Non classé,2018-05-23,2018,48881308,True,False
HTCMania,htcmania.com,Non classé,2020-01-04,2020,1488089,True,False
HTHStudios,hthstudios.com,Non classé,2018-08-24,2018,411755,True,True
Hub4Tech,hub4tech.com,Non classé,2017-01-01,2017,36916,True,False
HuntStand,huntstand.com,Non classé,2024-03-08,2024,2795947,True,False
Hurb,hurb.com,Non classé,2019-03-14,2019,20727771,True,False
HuskyOwners,husky-owners.com,Non classé,2024-07-04,2024,16502,True,False
iDTech,idtech.com,Non classé,2023-01-03,2023,415121,True,False
IDCGames,idcgames.com,Non classé,2021-03-15,2021,3966871,True,False
iDressup,i-dressup.com,Non classé,2016-07-15,2016,2191565,True,False
IIMJobs,iimjobs.com,Non classé,2018-12-31,2018,4216063,True,False
ILikeCheats,ilikecheats.net,Non classé,2014-10-18,2014,188847,True,False
Imavex,imavex.com,Non classé,2021-08-20,2021,878209,True,False
iMenu360,imenu360.com,Non classé,2022-08-11,2022,3425860,True,False
iMesh,imesh.com,Non classé,2013-09-22,2013,49467477,True,False
imgur,imgur.com,Non classé,2013-09-01,2013,1749806,True,False
IndiaMART,indiamart.com,Non classé,2021-05-23,2021,20154583,True,False
IndianRailways,indianrails.in,Non classé,2019-10-28,2019,583377,True,False
IndiHome,indihome.co.id,Non classé,2019-11-01,2019,12629245,True,False
InfiniteCampus,infinitecampus.com,Non classé,2026-03-18,2026,137123,True,False
InflateVids,tube.inflatevids.xyz,Non classé,2023-12-12,2023,13405,True,True
Insanelyi,insanelyi.com,Non classé,2014-07-22,2014,104097,True,False
Instagram,instagram.com,Non classé,2026-01-07,2026,6215150,True,False
InstantCheckmate,instantcheckmate.com,Non classé,2019-04-12,2019,11943887,True,False
InstitutoNacionalDeDeportesDeChile,ind.cl,Non classé,2024-09-12,2024,319613,True,False
Intelimost,intelimost.com,Non classé,2019-03-10,2019,3073409,True,False
InterConSecurity,icsecurity.com,Non classé,2026-06-18,2026,276114,True,False
IKO,ikointl.com,Non classé,2025-11-11,2025,340349,True,False
InternetArchive,archive.org,Non classé,2024-09-28,2024,31081179,True,False
Interpals,interpals.net,Non classé,2015-11-04,2015,3439414,True,False
iPmart,ipmart-forum.com,Non classé,2015-07-01,2015,2460787,True,False
ixigo,ixigo.com,Non classé,2019-01-03,2019,17204697,True,False
JamTangan,jamtangan.com,Non classé,2021-07-06,2021,434784,True,False
James,jamesdelivery.com.br,Non classé,2020-03-25,2020,1541284,True,False
JCPenney,jcpenny.com,Non classé,2026-06-12,2026,368418,True,False
JD,jd.com,Non classé,2013-01-01,2013,77449341,True,False
JDGroup,jdgroup.co.za,Non classé,2023-05-31,2023,521878,True,False
Jefit,jefit.com,Non classé,2020-08-11,2020,9052457,True,False
JobAndTalent,jobandtalent.com,Non classé,2018-02-01,2018,10981207,True,False
JobStreet,jobstreet.com,Non classé,2012-03-07,2012,3883455,True,False
Jobzone,jobzone.co.il,Non classé,2023-04-15,2023,29708,True,False
JoomlArt,joomlart.com,Non classé,2018-01-30,2018,22477,True,False
JoyGames,joygames.me,Non classé,2019-12-14,2019,4461787,True,False
JukinMedia,jukinmedia.com,Non classé,2021-10-28,2021,314290,True,False
June2026StealerLogs,,Compilation / Non attribuable,2026-06-15,2026,56278397,True,False
JustDate,justdate.com,Non classé,2016-09-29,2016,24451312,False,True
Kaneva,kaneva.com,Non classé,2016-07-01,2016,3901179,True,False
KasperskyClub,kasperskyclub.ru,Non classé,2024-03-24,2024,55971,True,False
KayoMoe,,Compilation / Non attribuable,2018-09-11,2018,41826763,False,False
Kemper,kemper.com,Non classé,2026-04-15,2026,269299,True,False
Kickstarter,kickstarter.com,Non classé,2014-02-16,2014,5176463,True,False
Kimsufi,kimsufi.com,Non classé,2015-05-01,2015,504565,True,False
KinoKong,kinokong.org,Non classé,2021-03-25,2021,817808,True,False
KitchenPal,kitchenpalapp.com,Non classé,2023-11-14,2023,98726,True,False
KiwiFarms,kiwifarms.net,Non classé,2019-09-10,2019,4606,True,False
KMRU,km.ru,Non classé,2016-02-29,2016,1476783,True,False
KnownCircle,knowncircle.com,Non classé,2016-04-12,2016,1957600,True,False
Knuddels,knuddels.de,Non classé,2018-09-05,2018,808330,True,False
KomikoAI,komiko.app,Non classé,2026-02-25,2026,1060191,True,False
KomplettFritid,komplettfritid.no,Non classé,2021-02-01,2021,139401,True,False
Kreditplus,kreditplus.com,Non classé,2020-06-23,2020,768890,True,False
LaPosteMobile,lapostemobile.fr,Non classé,2022-07-04,2022,533886,True,False
Ladies,ladies.com,Non classé,2024-07-03,2024,118809,True,True
LandAirSea,landairsea.com,Non classé,2025-01-12,2025,337373,True,False
Lanwar,lanwar.com,Non classé,2018-07-28,2018,45120,True,False
Lastfm,last.fm,Non classé,2012-03-22,2012,37217682,True,False
LatestPilotJobs,latestpilotjobs.com,Non classé,2022-08-14,2022,118864,True,False
Lazada,redmart.lazada.sg,Non classé,2020-07-30,2020,1107789,True,False
LBB,lbb.in,Non classé,2019-02-14,2019,39288,True,False
LDLC,ldlc.com,Non classé,2024-02-28,2024,1266026,True,False
LeCoqSportif,lecoqsportif.com.co,Non classé,2023-05-01,2023,79712,True,False
LeSlipFrancais,leslipfrancais.fr,Non classé,2024-04-13,2024,1495127,True,False
LeadHunter,,Compilation / Non attribuable,2020-03-04,2020,68693853,True,False
LeagueOfLegends,leagueoflegends.com,Non classé,2012-06-11,2012,339487,True,False
LeakedReality,leakedreality.com,Non classé,2022-01-31,2022,114907,True,False
Ledger,ledger.com,Non classé,2020-06-25,2020,1075241,True,False
Leet,leet.cc,Non classé,2016-09-10,2016,5081689,True,False
LegendasTV,legendas.tv,Non classé,2017-10-01,2017,3869181,True,False
LegionProxy,legionproxy.io,Non classé,2026-04-06,2026,10144,True,False
Lexipol,lexipol.com,Non classé,2025-02-11,2025,672546,True,True
Life360,life360.com,Non classé,2024-03-01,2024,442519,True,False
Lifebear,lifebear.com,Non classé,2019-02-28,2019,3670561,True,False
Lifeboat,lbsg.net,Non classé,2016-01-01,2016,7089395,True,False
LightsHope,lightshope.org,Non classé,2018-06-25,2018,30484,True,False
Liker,liker.com,Non classé,2021-03-08,2021,465141,True,False
LimeVPN,limevpn.com,Non classé,2020-10-08,2020,23348,True,False
LinkedIn,linkedin.com,Non classé,2012-05-05,2012,164611595,True,False
LinkedInScrape2023,linkedin.com,Non classé,2023-11-04,2023,19788753,True,False
LinkedInScrape,linkedin.com,Non classé,2021-04-08,2021,125698496,True,False
LinuxForums,linuxforums.org,Non classé,2018-05-01,2018,275785,True,False
LinuxMint,linuxmint.com,Non classé,2016-02-21,2016,144989,True,False
LittleMonsters,littlemonsters.com,Non classé,2017-01-01,2017,995698,True,False
LiveAuctioneers,liveauctioneers.com,Non classé,2020-06-19,2020,3385862,True,False
LiveJournal,livejournal.com,Non classé,2017-01-01,2017,26372781,True,False
Livpure,livpure.com,Non classé,2020-08-29,2020,269552,True,False
LizardSquad,lizardstresser.su,Non classé,2015-01-16,2015,13451,True,False
Locally,locally.com,Non classé,2022-10-01,2022,362619,True,False
Lolzteam,lolzteam.net,Non classé,2018-05-13,2018,398011,True,False
Lookbook,lookbook.nu,Non classé,2012-08-24,2012,1074948,True,False
Lookiero,lookiero.com,Non classé,2024-03-27,2024,4981760,True,False
LOTR,lotro.com,Non classé,2013-08-01,2013,1141278,True,False
LoungeBoard,loungeboard.net,Non classé,2013-08-01,2013,45018,True,False
Lovora,,Compilation / Non attribuable,2026-02-25,2026,495556,True,False
LuLu,luluhypermarket.com,Non classé,2024-07-06,2024,2796835,True,False
LuminPDF,luminpdf.com,Non classé,2019-04-01,2019,15453048,True,False
Luxottica,luxottica.com,Non classé,2021-03-16,2021,77093812,True,False
LyricsMania,lyricsmania.com,Non classé,2017-12-21,2017,109202,True,False
MacForums,mac-forums.com,Non classé,2016-07-03,2016,326714,True,False
MacGeneration,macg.co,Non classé,2022-01-29,2022,101004,True,False
Mac-Torrents,mac-torrents.com,Non classé,2015-10-31,2015,93992,True,False
MadisonSquareGardenSports,msgsports.com,Non classé,2026-06-05,2026,9796738,True,False
MagicDuel,magicduel.com,Non classé,2023-08-02,2023,138443,True,False
MailRu,mail.ru,Non classé,2014-09-10,2014,16630988,False,False
MajorGeeks,majorgeeks.com,Non classé,2015-11-15,2015,269548,True,False
MalindoAir,malindoair.com,Non classé,2019-03-01,2019,4328232,True,False
MallCZ,mall.cz,Non classé,2017-07-27,2017,735405,True,False
Malwarebytes,malwarebytes.org,Non classé,2014-11-15,2014,111623,True,False
MangaTraders,mangatraders.com,Non classé,2014-06-09,2014,855249,True,False
MangaDex,mangadex.org,Non classé,2021-03-22,2021,2987329,True,False
MangaFox,mangafox.me,Non classé,2016-06-01,2016,1311610,True,False
Mangatoon,mangatoon.mobi,Non classé,2022-05-13,2022,23040238,True,False
ManipulatedCaiman,,Compilation / Non attribuable,2023-07-16,2023,39901389,True,False
Mappery,mappery.com,Non classé,2018-12-11,2018,205242,True,False
MarcusMillichap,marcusmillichap.com,Non classé,2026-04-12,2026,1837078,True,False
MaReads,mareads.com,Non classé,2025-06-22,2025,74453,True,False
MarketMoveis,marketmoveis.pt,Non classé,2023-08-30,2023,28220,True,False
Mashable,mashable.com,Non classé,2020-06-01,2020,1414677,True,False
MasterDeeds,,Compilation / Non attribuable,2017-03-14,2017,2257930,True,False
MastercardPricelessSpecials,specials.mastercard.de,Non classé,2019-08-20,2019,89388,True,False
Mate1,mate1.com,Non classé,2016-02-29,2016,27393015,True,True
Mathway,mathway.com,Non classé,2020-01-13,2020,25692862,True,False
MC2Data,,Compilation / Non attribuable,2024-08-18,2024,2122280,True,False
MCBans,mcbans.com,Non classé,2016-10-27,2016,119948,True,False
McGrawHill,mheducation.com,Non classé,2026-04-10,2026,13500136,True,False
MDPI,mdpi.com,Non classé,2016-08-30,2016,845012,True,False
MechoDownload,mechodownload.com,Non classé,2013-10-31,2013,437928,True,False
MediaWorks,mediaworks.co.nz,Non classé,2023-03-15,2023,162710,True,False
MeetMindful,meetmindful.com,Non classé,2020-01-26,2020,1422717,True,True
MemeChat,memechat.app,Non classé,2022-06-01,2022,4348570,True,False
MEO,meoair.com,Non classé,2020-12-24,2020,8227,True,False
MGM,mgmresorts.com,Non classé,2019-07-25,2019,3081321,True,False
MGM2022Update,mgmresorts.com,Non classé,2019-07-25,2019,24842001,True,False
Miljodata,miljodata.se,Non classé,2025-08-25,2025,870108,True,False
MindJolt,mindjolt.com,Non classé,2019-03-18,2019,28364826,True,False
MinecraftPocketEditionForum,minecraftpeforum.net,Non classé,2015-05-24,2015,16034,True,False
MinecraftWorldMap,minecraftworldmap.com,Non classé,2016-01-15,2016,71081,True,False
Minefield,minefield.fr,Non classé,2015-06-28,2015,188343,True,False
Minehut,minehut.com,Non classé,2019-05-17,2019,396533,True,False
Minted,minted.com,Non classé,2020-05-06,2020,4418182,True,False
Flipkart,,Compilation / Non attribuable,2022-09-02,2022,552094,False,False
Habibs,habibs.com.br,Non classé,2021-08-05,2021,3517679,False,False
MMGFusion,mmgfusion.com,Non classé,2020-12-20,2020,2660295,True,False
MobiFriends,mobifriends.com,Non classé,2020-01-06,2020,3512952,True,True
MoDaCo,modaco.com,Non classé,2016-01-01,2016,879703,True,False
ModernBusinessSolutions,modbsolutions.com,Non classé,2016-10-08,2016,58843488,True,False
MoneyBookers,moneybookers.com,Non classé,2009-01-01,2009,4483605,True,False
Moneycontrol,moneycontrol.com,Non classé,2017-09-07,2017,762874,True,False
MoodyBibleInstitute,moody.edu,Non classé,2026-06-15,2026,2303416,True,False
MoreleNet,morele.net,Non classé,2018-10-10,2018,2467304,True,False
MortalOnline,mortalonline.com,Non classé,2018-06-17,2018,606637,True,False
MovieForums,movieforums.com,Non classé,2022-11-24,2022,39914,True,False
MovieBoxPro,movieboxpro.app,Non classé,2024-04-15,2024,6009014,True,False
MPGH,mpgh.net,Non classé,2015-10-22,2015,3122898,True,False
MrGreenGaming,mrgreengaming.com,Non classé,2024-03-01,2024,27123,True,False
MrExcel,mrexcel.com,Non classé,2016-12-05,2016,366140,True,False
MSI,msi.com,Non classé,2024-07-07,2024,249990,True,False
mSpy,mspy.com,Non classé,2015-05-14,2015,699793,True,True
mSpy2024,mspy.com,Non classé,2024-06-09,2024,2394179,True,True
Muah,muah.ai,Non classé,2024-09-17,2024,1910261,True,True
MultiplayerIt,multiplayer.it,Non classé,2018-09-01,2018,503957,True,False
MuslimDirectory,muslimdirectory.co.uk,Non classé,2014-02-17,2014,37784,True,False
MuslimMatch,muslimmatch.com,Non classé,2016-06-24,2016,149830,True,True
MyLovelyAI,mylovely.ai,Non classé,2026-04-07,2026,106271,True,True
MyFHA,myfha.net,Non classé,2015-02-18,2015,972629,True,False
MyFitnessPal,myfitnesspal.com,Non classé,2018-02-01,2018,143606147,True,False
MyHeritage,myheritage.com,Non classé,2017-10-26,2017,91991358,True,False
MyPertamina,mypertamina.id,Non classé,2022-11-01,2022,5970416,True,False
myRepoSpace,myrepospace.com,Non classé,2015-07-06,2015,252751,True,False
MySpace,myspace.com,Réseaux sociaux,2008-07-01,2008,359420698,True,False
Mytheresa,mytheresa.com,Non classé,2026-04-12,2026,84108,True,False
MyVidster,myvidster.com,Non classé,2015-08-15,2015,19863,True,False
MyVidster2025,myvidster.com,Non classé,2025-10-24,2025,3864364,True,False
NamelessMalware,,Compilation / Non attribuable,2020-01-01,2020,1121484,True,True
NapsGear,napsgear.org,Non classé,2015-10-21,2015,287071,True,True
NationalPublicData,,Compilation / Non attribuable,2024-04-09,2024,133957569,False,False
NaughtyAmerica,naughtyamerica.com,Non classé,2016-03-14,2016,1398630,True,True
NazApi,,Compilation / Non attribuable,2023-09-20,2023,70840771,True,False
NeimanMarcus,neimanmarcus.com,Non classé,2024-04-14,2024,31152842,True,False
NemoWeb,nemoweb.net,Non classé,2016-09-04,2016,3472916,True,False
Neopets,neopets.com,Non classé,2013-05-05,2013,26892897,True,False
NetEase,163.com,Services email / Technologie,2015-10-19,2015,234842089,False,False
Neteller,neteller.com,Non classé,2010-05-17,2010,3619948,True,False
NetGalley,netgalley.com,Non classé,2020-12-21,2020,1436435,True,False
Netlog,netlog.com,Non classé,2012-11-01,2012,49038354,True,False
NetProspex,netprospex.com,Non classé,2016-09-01,2016,33698126,True,False
Netshoes,netshoes.com.br,Non classé,2017-12-07,2017,499836,True,False
NextGenUpdate,nextgenupdate.com,Non classé,2014-04-22,2014,1194597,True,False
NexusMods,nexusmods.com,Non classé,2013-07-22,2013,5915013,True,False
Nihonomaru,nihonomaru.net,Non classé,2015-12-01,2015,1697282,True,False
Nitro,gonitro.com,Non classé,2020-09-28,2020,77159696,True,False
Nival,nival.com,Non classé,2016-02-29,2016,1535473,True,False
NonNudeGirls,nonnudegirls.org,Non classé,2013-05-21,2013,75383,True,True
NotAcxiom,,Compilation / Non attribuable,2020-06-21,2020,51730831,False,False
NotSOCRadar,,Compilation / Non attribuable,2024-08-03,2024,282478425,True,False
NulledCH,nulled.ch,Non classé,2020-05-20,2020,43491,True,False
Nulled,nulled.cr,Non classé,2016-05-06,2016,599080,True,False
NurseryCam,nurserycam.co.uk,Non classé,2021-02-12,2021,10585,True,False
NVIDIA,nvidia.com,Non classé,2022-02-23,2022,71335,True,False
Odido,odido.nl,Non classé,2026-02-12,2026,6077025,True,False
OGUsers,ogusers.com,Non classé,2018-12-26,2018,161143,True,False
OGUsers2020,ogusers.com,Non classé,2020-04-02,2020,263189,True,False
OGUsers2021,ogusers.com,Non classé,2021-04-11,2021,348302,True,False
OGUsers2022,ogusers.com,Non classé,2022-07-13,2022,529020,True,False
OMGPOP,omgpop.com,Non classé,2013-01-01,2013,7071293,True,False
Omnicuris,omnicuris.com,Non classé,2025-06-08,2025,215298,True,False
OnlineTrade,onlinetrade.ru,Non classé,2022-09-19,2022,3805265,True,False
OnlinerSpambot,,Compilation / Non attribuable,2017-08-28,2017,711477622,True,False
OnRPG,onrpg.com,Non classé,2016-07-01,2016,1047640,True,False
Onverse,onverse.com,Non classé,2016-01-01,2016,800157,True,False
OpenCSGO,opencsgo.com,Non classé,2017-11-28,2017,512311,True,False
OpenSubtitles,opensubtitles.org,Non classé,2021-08-01,2021,6783158,True,False
OperationEndgame,,Compilation / Non attribuable,2024-05-30,2024,16466858,True,False
OperationEndgame2,,Compilation / Non attribuable,2025-05-23,2025,15436844,True,False
OperationEndgame3,,Compilation / Non attribuable,2025-11-13,2025,2046030,True,False
OperationEndgame4,,Compilation / Non attribuable,2026-06-18,2026,4348526,True,False
OrangeRomania,orange.ro,Non classé,2025-02-24,2025,556557,True,False
OrderSnapp,ordersnapp.com,Non classé,2020-06-29,2020,1304447,True,False
OrdineAvvocatiDiRoma,ordineavvocatiroma.it,Non classé,2019-05-07,2019,41960,True,False
Otelier,otelier.com,Non classé,2024-07-01,2024,436855,True,False
OVH,ovh.com,Non classé,2015-05-01,2015,452899,True,False
OwnedCore,OwnedCore.com,Non classé,2013-08-01,2013,880331,True,False
Oxfam,oxfam.org.au,Non classé,2021-01-20,2021,1834006,True,False
PaddyPower,paddypower.com,Non classé,2010-10-25,2010,590954,True,False
Paidwork,paidwork.com,Non classé,2026-03-29,2026,23272765,True,False
Pampling,pampling.com,Non classé,2020-01-04,2020,383468,True,False
Pandabuy,pandabuy.com,Non classé,2024-03-31,2024,1348407,True,False
PaneraBread,panerabread.com,Non classé,2026-01-07,2026,5112502,True,False
ParagonCheats,paragoncheats.com,Non classé,2021-05-22,2021,188089,True,False
ParkMobile,parkmobile.io,Non classé,2021-03-21,2021,20949825,True,False
PassSport,pass.sports.gouv.fr,Non classé,2025-12-17,2025,6366133,True,False
Patreon,patreon.com,Non classé,2015-10-01,2015,2330382,True,False
PayAsUGym,payasugym.com,Non classé,2016-12-15,2016,400260,True,False
PayHere,payhere.lk,Non classé,2022-03-27,2022,1580249,True,False
PaySystemTech,paysystem.tech,Non classé,2022-04-29,2022,1410764,False,False
Paytm,paytm.com,Non classé,2020-08-30,2020,3395101,True,False
pcTattletale,pctattletale.com,Non classé,2024-05-25,2024,138751,True,True
Peatix,peatix.com,Non classé,2019-01-20,2019,4227907,True,False
Pemiblanc,pemiblanc.com,Non classé,2018-04-02,2018,110964206,False,False
PeoplesEnergy,peoplesenergy.co.uk,Non classé,2020-12-16,2020,358822,True,False
PetFlow,petflow.com,Non classé,2017-12-09,2017,990919,True,False
CERTPolandPhish,,Compilation / Non attribuable,2023-02-25,2023,67943,True,False
Phoenix,phoenixim.ddns.net,Non classé,2021-06-05,2021,74776,True,False
PhoneHouse,phonehouse.es,Non classé,2021-04-08,2021,5223350,True,False
PHPFreaks,phpfreaks.com,Non classé,2015-10-27,2015,173891,True,False
ThePi-Hole,pi-hole.net,Non classé,2025-07-30,2025,29926,True,False
PipingRock,pipingrock.com,Non classé,2024-04-24,2024,2103100,True,False
PitneyBowes,pitneybowes.com,Non classé,2026-04-20,2026,8243989,True,False
PixelFederation,pixelfederation.com,Non classé,2013-12-04,2013,38108,True,False
Pixlr,pixlr.com,Non classé,2020-10-07,2020,1906808,True,False
piZap,pizap.com,Non classé,2017-12-07,2017,41817893,True,False
PlanetCalypso,planetcalypsoforum.com,Non classé,2019-07-01,2019,62261,True,False
PlanetIce,planet-ice.co.uk,Non classé,2023-01-14,2023,240488,True,False
Playbook,playbook.vc,Non classé,2020-10-19,2020,50538,True,False
PlayCyberGames,playcybergames.com,Non classé,2023-08-09,2023,3681753,True,False
Plex,plex.tv,Non classé,2015-07-02,2015,327314,True,False
PlutoTV,pluto.tv,Non classé,2018-10-12,2018,3225080,True,False
PoinCampus,poincampus.com,Non classé,2024-11-14,2024,89116,True,False
Pokebip,pokebip.com,Non classé,2015-07-28,2015,657001,True,False
PokemonCreed,pokemoncreed.net,Non classé,2014-08-08,2014,116465,True,False
PokemonNegro,pokemonnegro.com,Non classé,2016-10-01,2016,830155,True,False
PoliceOne,policeone.com,Non classé,2014-07-01,2014,709926,True,False
PolishCredentials,,Compilation / Non attribuable,2023-05-29,2023,1204870,True,False
Poshmark,poshmark.com,Non classé,2018-05-16,2018,36395491,True,False
Powerbot,powerbot.org,Non classé,2014-09-01,2014,503501,True,False
PPCGeeks,ppcgeeks.com,Non classé,2016-08-19,2016,492518,True,False
PreenMe,preen.me,Non classé,2020-05-25,2020,236105,True,False
ProctorU,proctoru.com,Non classé,2020-06-26,2020,444453,True,False
ProgrammingForums,programmingforums.org,Non classé,2015-12-01,2015,707432,True,False
Promo,promo.com,Non classé,2020-06-22,2020,14610585,True,False
Promofarma,promofarma.com,Non classé,2019-08-03,2019,1277761,True,False
PropTiger,proptiger.com,Non classé,2018-01-30,2018,2156921,True,False
Prosper,prosper.com,Non classé,2025-09-01,2025,17605276,True,False
Protemps,protemps.com.sg,Non classé,2021-10-04,2021,49591,True,False
Provecho,provecho.bio,Non classé,2026-01-30,2026,712904,True,False
PS3Hax,ps3hax.net,Non classé,2015-07-01,2015,447410,True,False
PSPISO,pspiso.com,Non classé,2015-09-25,2015,1274070,True,False
PSX-Scene,psx-scene.com,Non classé,2015-02-01,2015,341118,True,False
BVD,bvdinfo.com,Non classé,2021-08-19,2021,27917714,True,False
Qakbot,,Compilation / Non attribuable,2023-08-29,2023,6431319,True,True
QatarNationalBank,qnb.com,Non classé,2015-07-01,2015,88678,True,False
QIP,qip.ru,Non classé,2011-06-01,2011,26183992,True,False
Qraved,qraved.com,Non classé,2021-07-09,2021,984519,True,False
QuantumBooter,quantumbooter.net,Non classé,2014-03-18,2014,48592,True,False
QuestionPro,questionpro.com,Non classé,2022-05-21,2022,22229637,True,False
Quidd,quidd.co,Non classé,2019-07-01,2019,3805863,True,False
QuinStreet,quinstreet.com,Non classé,2015-12-14,2015,4907802,True,False
Quitbro,quitbro.app,Non classé,2026-02-17,2026,22874,True,True
R2-2017,r2games.com,Non classé,2017-01-01,2017,1023466,True,False
R2Games,r2games.com,Non classé,2015-11-01,2015,22281337,True,False
Raaga,raaga.com,Non classé,2025-12-15,2025,10225145,True,False
RaidForums,raidforums.com,Non classé,2020-09-24,2020,478604,True,False
RailYatri,railyatri.in,Non classé,2022-12-26,2022,23209732,True,False
RalphLauren,ralphlauren.com,Non classé,2026-06-11,2026,139903,True,False
Rambler,rambler.ru,Non classé,2014-03-01,2014,91436280,True,False
Rankwatch,rankwatch.com,Non classé,2016-11-19,2016,7445067,True,False
Raychat,raychat.ir,Non classé,2021-01-31,2021,938981,True,False
RbxRocks,rbx.rocks,Non classé,2018-08-06,2018,149958,True,False
ReadNovel,readnovel.com,Non classé,2019-05-01,2019,22424472,False,False
RealEstateMogul,realestatemogul.com,Non classé,2016-09-06,2016,307768,True,False
RealDudesInc,realdudesinc.com,Non classé,2022-10-22,2022,101543,True,False
RebornGaming,reborngaming.net,Non classé,2026-04-30,2026,126,True,False
RedDoorz,reddoorz.com,Non classé,2020-09-04,2020,5890277,True,False
RedLineStealer,,Compilation / Non attribuable,2021-12-05,2021,441657,True,False
BlueSnapRegpack,bluesnap.com,Non classé,2016-05-20,2016,104977,True,False
Reincubate,reincubate.com,Non classé,2017-05-11,2017,616146,True,False
RentoMojo,rentomojo.com,Non classé,2023-04-15,2023,2185697,True,False
RepublicanPartyOfTexas,texasgop.org,Non classé,2021-09-11,2021,72596,True,False
RetinaX,retinax.com,Non classé,2017-02-23,2017,71153,True,True
Reverb-Nation,reverbnation.com,Non classé,2014-01-01,2014,7040725,True,False
Rightbiz,rightdev.co.uk,Non classé,2023-07-09,2023,65376,True,False
RiverCityMedia,rivercitymediaonline.com,Marketing / Données email,2017-01-01,2017,393430309,True,False
Robinhood,robinhood.com,Non classé,2021-11-03,2021,5003937,True,False
RobinsonsMalls,robinsonsmalls.com,Non classé,2024-06-01,2024,195597,True,False
Roblox,roblox.com,Non classé,2016-07-31,2016,52458,True,False
RobloxDeveloperConference,rdcglobal.com,Non classé,2020-12-18,2020,3943,True,False
Roll20,roll20.net,Non classé,2018-12-26,2018,3994436,True,False
Romwe,romwe.com,Non classé,2018-06-01,2018,19531820,True,False
RosebuttBoard,rosebuttboard.com,Non classé,2016-05-09,2016,107303,True,True
RoyalEnfield,royalenfield.com,Non classé,2019-01-01,2019,420873,True,False
RSBoards,rsboards.com,Non classé,2011-12-26,2011,222762,True,False
RussianAmerica,russianamerica.com,Non classé,2017-01-01,2017,182717,True,False
SalvadoranCitizens,,Compilation / Non attribuable,2024-04-02,2024,946989,True,False
SamsungGermany,samsung.de,Non classé,2025-03-30,2025,216333,True,False
SaverSpy,,Compilation / Non attribuable,2018-09-18,2018,2457420,True,True
SCDailyPhoneSpamList,data4marketers.com,Non classé,2015-04-14,2015,32939105,True,False
Scentbird,scentbird.com,Non classé,2020-06-22,2020,5814988,True,False
schenkYOU,schenkyou.de,Non classé,2024-08-15,2024,237349,True,False
Scholastic,scholastic.com,Non classé,2025-01-08,2025,4247768,True,False
SchoolDistrict42,sd42.ca,Non classé,2023-01-15,2023,18850,True,False
ScufGaming,scufgaming.com,Non classé,2015-06-05,2015,128683,True,False
Seedpeer,seedpeer.eu,Non classé,2015-07-12,2015,281924,True,False
SeniorDating,seniordating.app,Non classé,2024-11-23,2024,765517,True,True
Sephora,sephora.com.au,Non classé,2017-01-09,2017,780073,True,False
ServerPact,serverpact.com,Non classé,2016-01-01,2016,73587,True,False
SevenRooms,sevenrooms.com,Non classé,2022-12-11,2022,1205385,True,False
Shadi,shadi.com,Non classé,2016-07-09,2016,2021984,True,True
Shadow,shadow.tech,Non classé,2023-09-28,2023,543295,True,False
ShareThis,sharethis.com,Non classé,2018-07-09,2018,40960499,True,False
SHEIN,shein.com,Non classé,2018-06-01,2018,39086762,True,False
Shitexpress,shitexpress.com,Non classé,2022-08-08,2022,23817,True,True
ShockGore,shockgore.com,Non classé,2020-08-11,2020,73944,True,True
ShoeZone,shoezone.com,Non classé,2024-06-28,2024,46140,True,False
ShopBack,shopback.com,Non classé,2020-09-17,2020,20529819,True,False
ShopperPlus,shopperplus.ca,Non classé,2020-09-14,2020,878290,True,False
ShortEdition,short-edition.com,Non classé,2021-06-26,2021,505466,True,False
Shotbow,shotbow.net,Non classé,2016-05-09,2016,1052753,True,False
SirHurt,sirhurt.net,Non classé,2021-04-23,2021,90655,True,False
SitePoint,sitepoint.com,Non classé,2020-06-20,2020,1021790,True,False
SkTorrent,sktorrent.eu,Non classé,2016-02-19,2016,117070,True,False
Slickwraps,slickwraps.com,Non classé,2020-02-16,2020,857611,True,False
SlideTeam,slideteam.net,Non classé,2021-04-06,2021,1464271,True,False
Smogon,smogon.com,Non classé,2017-09-10,2017,386489,True,False
Snail,snail.com,Non classé,2015-03-14,2015,1410899,True,False
Snapchat,snapchat.com,Non classé,2014-01-01,2014,4609615,True,False
SoarGames,soargames.com,Non classé,2019-12-16,2019,4774445,True,False
SocialEngineered,socialengineered.net,Non classé,2019-06-13,2019,89392,True,False
SIAE,siae.it,Non classé,2018-11-03,2018,14609,True,False
SongTrivia2,songtrivia2.io,Non classé,2026-04-02,2026,291739,True,False
Sonicbids,sonicbids.com,Non classé,2019-12-30,2019,751700,True,False
Sony,sony.com,Non classé,2011-06-02,2011,37103,True,False
SoundRadix,soundradix.com,Non classé,2026-03-25,2026,292993,True,False
SoundCloud,soundcloud.com,Non classé,2025-12-15,2025,29815722,True,False
Soundwave,soundwave.com,Non classé,2015-07-16,2015,130705,True,False
SpecialKSpamList,data4marketers.com,Non classé,2015-10-07,2015,30741620,True,False
Speedio,speedio.com.br,Non classé,2024-12-24,2024,27501041,False,False
Sphero,sphero.com,Non classé,2023-09-09,2023,832255,True,False
Spirol,spirol.com,Non classé,2014-02-22,2014,55622,True,False
SplitVPN,splitvpn.io,Non classé,2026-07-21,2026,865336,True,False
Sport2000,sport2000.fr,Non classé,2024-04-18,2024,3189643,True,False
Spoutible,spoutible.com,Non classé,2024-01-31,2024,207114,True,False
SpyFone,spyfone.com,Non classé,2018-08-16,2018,44109,True,True
Spyic,spyic.com,Non classé,2025-02-14,2025,875999,True,True
Spytech,spytech-web.com,Non classé,2024-06-04,2024,5645,True,True
SpyX,spyx.com,Non classé,2024-06-24,2024,1977011,True,True
Spyzie,spyzie.io,Non classé,2024-02-22,2024,518643,True,True
StalkerOnline,stalker.so,Non classé,2020-05-05,2020,1385472,True,False
Staminus,staminus.net,Non classé,2016-03-11,2016,26815,True,False
StarNet,starnet.md,Non classé,2015-02-26,2015,139395,True,False
Start,start.film,Non classé,2021-06-01,2021,7455386,True,False
StarTribune,startribune.com,Non classé,2019-10-10,2019,2192857,True,False
TelegramStealerLogs,,Compilation / Non attribuable,2024-07-18,2024,26105473,True,False
StealerLogsJan2025,,Compilation / Non attribuable,2025-01-13,2025,71039833,True,False
SterKinekor,sterkinekor.co.za,Non classé,2017-03-09,2017,1619544,True,False
StockX,stockx.com,Non classé,2019-07-26,2019,6840339,True,False
Storenvy,storenvy.com,Non classé,2019-04-04,2019,11052071,True,False
StoryBird,storybird.com,Non classé,2015-08-07,2015,1047200,True,False
Straffic,straffic.io,Non classé,2020-02-14,2020,48580249,True,False
Stratfor,stratfor.com,Non classé,2011-12-24,2011,859777,True,False
StreamCraft,streamcraft.net,Non classé,2020-07-06,2020,1772620,True,False
StreetEasy,streeteasy.com,Non classé,2016-06-28,2016,988230,True,False
Stripchat,stripchat.com,Non classé,2021-11-05,2021,10001355,True,True
StrongholdKingdoms,strongholdkingdoms.com,Non classé,2018-07-04,2018,5187305,True,False
SubaGames,subagames.com,Non classé,2016-11-01,2016,6137666,True,False
Substack,substack.com,Non classé,2025-10-23,2025,663121,True,False
SUCCESS,success.com,Non classé,2026-03-04,2026,253510,True,False
SumoTorrent,sumotorrent.sx,Non classé,2014-06-21,2014,285191,True,False
SundryFiles,sundryfiles.com,Non classé,2022-01-21,2022,274461,True,False
Suno,suno.com,Non classé,2025-11-25,2025,55282226,True,False
SuperDraft,superdraft.io,Non classé,2024-10-27,2024,300187,True,False
SuperVPNGeckoVPN,,Compilation / Non attribuable,2021-02-25,2021,20339937,True,False
SurveyLama,surveylama.com,Non classé,2024-02-01,2024,4426879,True,False
SvenskaMagic,svenskamagic.com,Non classé,2015-07-01,2015,30327,True,False
SweClockers,sweclockers.com,Non classé,2015-04-01,2015,254867,True,False
Switch,switchit.hu,Non classé,2024-10-01,2024,5397,True,False
SwordFantasy,swordfantasy.com,Non classé,2017-01-20,2017,2690657,True,False
Swvl,swvl.com,Non classé,2020-06-23,2020,4195918,True,False
SynthientCredentialStuffingThreatData,,Compilation / Non attribuable,2025-04-11,2025,1957476021,True,False
SynthientStealerLogThreatData,,Compilation / Non attribuable,2025-04-11,2025,182962095,True,False
Sysco,sysco.com,Non classé,2026-06-15,2026,2691852,True,False
T2,t2tea.com,Non classé,2024-04-17,2024,94584,True,False
TaiLieu,tailieu.vn,Non classé,2019-11-24,2019,7327477,True,False
Tamodo,tamodo.com,Non classé,2020-02-28,2020,494945,True,False
Tangerine,tangerinetelecom.com.au,Non classé,2024-02-18,2024,243462,True,False
Taobao,taobao.com,Non classé,2012-01-01,2012,21149008,False,False
TAPAirPortugal,flytap.com,Non classé,2022-08-25,2022,6083479,True,False
Tappware,tappware.com,Non classé,2024-04-23,2024,94734,True,False
Taringa,taringa.net,Non classé,2017-08-01,2017,27971100,True,False
Solomid,solomid.net,Non classé,2014-12-22,2014,442166,True,False
Technic,technicpack.net,Non classé,2018-11-30,2018,265410,True,False
Teespring,teespring.com,Non classé,2020-04-01,2020,8234193,True,False
TehetsegKapu,tehetsegkapu.hu,Non classé,2025-03-26,2025,54357,True,False
TRAI,trai.gov.in,Non classé,2015-04-27,2015,107776,True,False
Teracod,teracod.org,Non classé,2016-05-28,2016,97151,True,False
Terravision,terravision.eu,Non classé,2023-02-01,2023,2075625,True,False
Tesco,tesco.com,Non classé,2014-02-12,2014,2239,True,False
TGBUS,tgbus.com,Non classé,2017-09-01,2017,10371766,False,False
TheBottingNetwork,thebotnet.com,Non classé,2012-08-12,2012,96320,True,False
TheCandidBoard,thecandidboard.com,Non classé,2015-09-03,2015,178201,True,True
TheClubPenguinExperience,thecpexperience.com,Non classé,2024-10-14,2024,6342,True,False
TheFappening,thefappening.so,Non classé,2015-12-01,2015,179030,True,True
TheFlyOnTheWall,theflyonthewall.com,Non classé,2017-12-31,2017,84011,True,False
HalloweenSpot,thehalloweenspot.com,Non classé,2019-09-27,2019,10653,True,False
TheHeritageFoundation,heritage.org,Non classé,2024-07-09,2024,72004,True,False
KodiFoundation,kodi.tv,Non classé,2023-02-16,2023,400635,True,False
ThePostMillennial,thepostmillennial.com,Non classé,2024-05-02,2024,56973345,True,False
TheRealWorld,therealworld.net,Non classé,2024-11-15,2024,324382,True,False
TheGradCafe,thegradcafe.com,Non classé,2023-02-26,2023,310975,True,False
Thermomix,rezeptwelt.de,Non classé,2025-01-30,2025,3123439,True,False
TheSquare,thesqua.re,Non classé,2025-06-27,2025,107041,True,False
TheTVDB,thetvdb.com,Non classé,2017-11-21,2017,181871,True,False
Thingiverse,thingiverse.com,Non classé,2020-10-13,2020,228102,True,False
ThisHabboForum,thishabboforum.com,Non classé,2014-01-01,2014,612414,True,False
Tianya,tianya.cn,Non classé,2011-12-26,2011,29020808,True,False
Tibber,tibber.com,Non classé,2024-11-10,2024,50002,True,False
Ticketcounter,ticketcounter.nl,Non classé,2021-02-22,2021,1921722,True,False
Ticketek,ticketek.com.au,Non classé,2024-05-31,2024,17643173,True,False
Ticketfly,ticketfly.com,Non classé,2018-05-31,2018,26151608,True,False
Tigo,tigo.chat,Non classé,2023-03-31,2023,700394,True,False
Tisza,tiszavilag.hu,Non classé,2025-10-06,2025,198520,True,True
TNAFlix,tnaflix.com,Non classé,2022-06-01,2022,1374344,True,True
Tokopedia,tokopedia.com,Non classé,2020-04-17,2020,71443698,True,False
ToonDoo,toondoo.com,Non classé,2019-08-21,2019,6002694,True,False
TorrentInvites,torrent-invites.com,Non classé,2013-12-12,2013,352120,True,False
Toumei,toumei.co.jp,Non classé,2023-10-18,2023,76682,True,False
Tout,tout.com,Non classé,2014-09-11,2014,652683,True,False
ToyBattles,toybattles.net,Non classé,2026-02-06,2026,1017,True,False
Tracki,tracki.com,Non classé,2024-08-15,2024,372557,True,False
Traderie,traderie.com,Non classé,2022-09-24,2022,364898,True,False
TravelOK,travelok.com,Non classé,2020-12-17,2020,637279,True,False
Travelio,travelio.com,Non classé,2021-11-23,2021,471376,True,False
Trello,trello.com,Non classé,2024-01-16,2024,15111945,True,False
TrikSpamBotnet,,Compilation / Non attribuable,2018-06-12,2018,43432346,True,False
Trillian,trillian.im,Non classé,2015-12-27,2015,3827238,True,False
TroyHuntMailchimpList,troyhunt.com,Non classé,2025-03-25,2025,16627,True,False
TruckersMP,truckersmp.com,Non classé,2016-02-25,2016,83957,True,False
TrueFire,truefire.com,Non classé,2020-02-21,2020,599667,True,False
TruthFinder,truthfinder.com,Non classé,2019-04-12,2019,8159573,True,False
Tumblr,tumblr.com,Non classé,2013-02-28,2013,65469298,True,False
TunedGlobal,tunedglobal.com,Non classé,2016-03-16,2016,985586,True,False
Tunngle,tunngle.net,Non classé,2016-07-01,2016,8192928,True,False
Twitter,twitter.com,Réseaux sociaux,2022-01-01,2022,6682453,True,False
Twitter200M,twitter.com,Réseaux sociaux,2021-01-01,2021,211524284,True,False
Ualabee,ualabee.com,Non classé,2025-05-06,2025,472296,True,False
Ubook,ubook.com,Non classé,2024-07-28,2024,699908,True,False
Udemy,udemy.com,Non classé,2026-04-24,2026,1401259,True,False
Uiggy,uiggy.com,Non classé,2016-06-01,2016,2682650,True,False
Ulmon,ulmon.com,Non classé,2020-01-26,2020,777769,True,False
IGF,intgovforum.org,Non classé,2014-02-20,2014,3200,True,False
UnderArmour,underarmour.com,Non classé,2025-11-17,2025,72742892,True,False
UnderworldEmpire,underworldempireforums.com,Non classé,2017-04-25,2017,428779,True,False
UnicoCampania,unicocampania.it,Non classé,2020-08-19,2020,166031,True,False
Unigame,unigame.me,Non classé,2019-12-14,2019,843696,True,False
Universarium,universarium.org,Non classé,2019-11-01,2019,564962,True,False
UC,universityofcalifornia.edu,Non classé,2020-12-24,2020,547422,True,False
UniversityOfNottingham,nottingham.ac.uk,Non classé,2026-06-09,2026,454635,True,False
UniversityOfPennsylvania,upenn.edu,Non classé,2025-10-30,2025,623750,True,False
UnrealEngine,unrealengine.com,Non classé,2016-08-11,2016,530147,True,False
Astoria,astoriacompany.com,Non classé,2021-01-26,2021,11498146,False,False
Upstox,upstox.com,Non classé,2021-04-08,2021,111002,True,False
UtahGunExchange,utahgunexchange.com,Non classé,2020-07-17,2020,235233,True,False
Utair,utair.ru,Non classé,2019-03-21,2019,401400,True,False
uTorrent,utorrent.com,Non classé,2016-01-14,2016,395044,True,False
uuu9,uuu9.com,Non classé,2016-09-06,2016,7485802,False,False
Vakinha,vakinha.com.br,Non classé,2020-06-22,2020,4775203,True,False
Vastaamo,vastaamo.fi,Non classé,2019-03-31,2019,30433,True,True
VBulletin,vbulletin.com,Non classé,2015-11-03,2015,518966,True,False
Vedantu,vedantu.com,Non classé,2019-07-08,2019,686899,True,False
VerificationsIO,verifications.io,Marketing / Données email,2019-02-25,2019,763117241,True,False
Verified,verified.cm,Non classé,2014-01-10,2014,16919,True,False
Vermillion,v3rmillion.net,Non classé,2014-08-30,2014,8106,True,False
Vianet,vianet.com.np,Non classé,2020-04-08,2020,94353,True,False
VictoryPhones,victoryphones.com,Non classé,2017-01-01,2017,166046,True,False
VietnamAirlines,vietnamairlines.com,Non classé,2025-06-20,2025,7316915,True,False
ViewFines,viewfines.co.za,Non classé,2018-05-07,2018,777649,True,False
Vimeo,vimeo.com,Non classé,2026-04-28,2026,119167,True,False
VimeWorld,vimeworld.com,Non classé,2018-10-01,2018,3118964,True,False
VivaAir,vivaair.com,Non classé,2022-03-14,2022,932232,True,False
VK,vk.com,Non classé,2012-01-01,2012,93338602,True,False
VNG,zing.vn,Non classé,2015-05-19,2015,24853850,True,False
Vodafone,vodafone.is,Non classé,2013-11-30,2013,56021,True,False
VoidTO,void.to,Non classé,2019-06-13,2019,95431,True,False
VTech,vtechda.com,Non classé,2015-11-13,2015,4833678,True,False
VTightGel,vtightgel.com,Non classé,2016-02-13,2016,2013164,False,True
Vultr,vultr.com,Non classé,2022-07-08,2022,187872,True,False
Wakanim,wakanim.tv,Non classé,2022-08-28,2022,6706951,True,False
Wanelo,wanelo.com,Non classé,2018-12-13,2018,23165793,True,False
WarInc,thewarinc.com,Non classé,2012-07-04,2012,1020136,True,False
Warframe,warframe.com,Non classé,2014-11-24,2014,819478,True,False
Warmane,warmane.com,Non classé,2016-12-01,2016,1116256,True,False
WashingtonStateFoodWorkerCard,foodworkercard.wa.gov,Non classé,2022-11-17,2022,1594305,True,False
Wattpad,wattpad.com,Divertissement / Média,2020-06-29,2020,268765495,True,False
WeHeartIt,weheartit.com,Non classé,2013-11-03,2013,8600635,True,False
WebHostingTalk,webhostingtalk.com,Non classé,2016-07-01,2016,515149,True,False
WedMeGood,wedmegood.com,Non classé,2021-01-06,2021,1306723,True,False
Weee,sayweee.com,Non classé,2022-07-11,2022,1117405,True,False
WeLeakInfo,weleakinfo.com,Non classé,2021-03-08,2021,11788,True,True
Welhof,welhof.com,Non classé,2023-12-01,2023,107292,True,False
Wendys,wendys.com.ph,Non classé,2018-03-31,2018,52485,True,False
WhiteDate,whitedate.net,Non classé,2025-12-29,2025,20363,True,True
Whitepages,whitepages.com,Non classé,2016-06-27,2016,11657763,True,False
WHMCS,whmcs.com,Non classé,2012-05-21,2012,134047,True,False
WienerBuchereien,,Compilation / Non attribuable,2019-06-10,2019,224119,True,False
WifeLovers,wifelovers.com,Non classé,2018-10-07,2018,1274051,True,True
WIIUISO,wiiuiso.com,Non classé,2015-09-25,2015,458155,True,False
WildStar,wildstar-online.com,Non classé,2015-07-11,2015,738556,True,False
Win7Vista,win7vista.com,Non classé,2013-09-03,2013,202683,True,False
Windows93,windows93.net,Non classé,2021-01-01,2021,46105,True,False
WIRED,wired.com,Non classé,2025-09-08,2025,2364431,True,False
WiredBucks,wiredbucks.com,Non classé,2022-05-25,2022,918529,True,False
Wishbone,wishbone.io,Non classé,2016-08-07,2016,2247314,True,False
Wishbone2020,wishbone.io,Non classé,2020-01-27,2020,9705172,True,False
WiziShop,wizishop.fr,Non classé,2020-07-14,2020,2856769,True,False
Woflow,woflow.com,Non classé,2026-03-04,2026,447593,True,False
Wongnai,wongnai.com,Non classé,2020-10-28,2020,3924454,True,False
WoTLabs,wotlabs.net,Non classé,2024-03-03,2024,21994,True,False
WPSandbox,wpsandbox.io,Non classé,2018-11-04,2018,858,True,False
WPT,wptapl.com,Non classé,2014-01-04,2014,148366,True,False
xat,xat.com,Non classé,2015-11-04,2015,5968783,True,False
Xbox360ISO,xbox360iso.com,Non classé,2015-09-25,2015,1296959,True,False
Xbox-Scene,xboxscene.com,Non classé,2015-02-01,2015,432552,True,False
xHamster,xhamster.com,Non classé,2016-11-28,2016,377377,True,True
Xiaomi,xiaomi.cn,Non classé,2012-08-01,2012,7088010,False,False
XKCD,xkcd.com,Non classé,2019-07-01,2019,561991,True,False
XPGameSaves,xpgamesaves.com,Non classé,2016-01-01,2016,890341,True,False
XSplit,xsplit.com,Non classé,2013-11-07,2013,2983472,True,False
Yahoo,yahoo.com,Non classé,2012-07-11,2012,453427,True,False
Yam,yam.com,Non classé,2013-06-02,2013,13258797,True,False
Yandex,forum.btcsec.com,Non classé,2014-09-07,2014,1186564,True,False
Yatra,yatra.com,Non classé,2013-09-01,2013,5033997,True,False
Yonema,yonema.com,Non classé,2024-11-21,2024,35962,True,False
YoteprestoCom,yotepresto.com,Non classé,2020-06-22,2020,1444629,True,False
Youku,youku.com,Non classé,2016-12-01,2016,91890110,True,False
YoungLivingEssentialOils,youngliving.com,Non classé,2024-12-11,2024,1128951,True,False
YouNow,younow.com,Non classé,2019-02-15,2019,18241518,True,False
YouPorn,youporn.com,Non classé,2012-02-21,2012,1327567,True,True
Youthmanual,youthmanual.com,Non classé,2019-01-31,2019,937912,True,False
YouveBeenScraped,,Compilation / Non attribuable,2018-10-05,2018,66147869,True,False
Zacks,zacks.com,Non classé,2020-05-10,2020,8929503,True,False
Zacks2024,zacks.com,Non classé,2024-06-22,2024,11994223,True,False
ZadigVoltaire,zadig-et-voltaire.com,Non classé,2023-11-16,2023,586895,True,False
ZAPHosting,zap-hosting.com,Non classé,2021-11-22,2021,746682,True,False
Zara,zara.com,Non classé,2026-04-15,2026,197376,True,False
ZenBusiness,zenbusiness.com,Non classé,2026-03-27,2026,5118184,True,False
Zhenai,zhenai.com,Non classé,2011-12-21,2011,5024908,False,True
Zilvia,zilvia.net,Non classé,2025-11-06,2025,287863,True,False
ZLib,z-lib.is,Non classé,2024-06-20,2024,9737374,True,False
Zomato,zomato.com,Non classé,2017-05-17,2017,16472873,True,False
Zoomcar,zoomcar.com,Non classé,2018-07-01,2018,3589795,True,False
Zoosk,zoosk.com,Non classé,2011-01-01,2011,52578183,False,True
Zoosk2020,zoosk.com,Non classé,2020-01-12,2020,23927853,True,True
Zooville,zooville.org,Non classé,2019-09-27,2019,71407,True,True
Zurich,zurich.co.jp,Non classé,2023-01-08,2023,756737,True,False
Zynga,zynga.com,Jeux vidéo,2019-09-01,2019,172869660,True,False
Gemotest,gemotest.ru,Non classé,2022-04-22,2022,6341495,True,True
Parapa,parapa.mail.ru,Non classé,2016-08-08,2016,4946850,True,False
SprashivaiRu,sprashivai.ru,Non classé,2015-05-11,2015,3474763,True,False
DecoratingTheHouse,ggumim.co.kr,Non classé,2020-03-27,2020,1298651,True,False
